Country,Region,HDI,Corruption_Index,Government_Stability,Health_Expenditure,Education_Expenditure
Country A,Europe,0.895,0.32,75,9.8,6.1
Country B,Asia,0.712,0.55,60,6.5,3.2
Country C,Africa,0.543,0.72,45,3.2,2.0
Country D,North America,0.921,0.28,80,11.2,5.8
Country E,Europe,0.870,0.38,70,8.7,4.9
Country F,Asia,0.796,0.46,65,7.1,3.6
Country G,South America,0.812,0.49,68,6.9,4.2
Country H,Oceania,0.908,0.29,78,9.4,5.6
Country I,Africa,0.621,0.68,50,4.5,2.8
Country J,Europe,0.894,0.34,72,9.1,5.0